"0","library(tidymodels)
"
"2","Registered S3 method overwritten by 'tune':
  method                   from   
  required_pkgs.model_spec parsnip
"
"2","[30mâ”€â”€ [1mAttaching packages[22m â”€â”€â”€â”€â”€â”€â”€â”€â”€â”€â”€â”€â”€â”€â”€â”€â”€â”€â”€â”€â”€â”€â”€â”€â”€â”€â”€â”€â”€â”€â”€â”€â”€â”€â”€â”€â”€â”€â”€â”€ tidymodels 0.1.4 â”€â”€[39m
"
"2","[30m[32mâœ“[30m [34mdials       [30m 0.0.10     [32mâœ“[30m [34mrsample     [30m 0.1.0 
[32mâœ“[30m [34minfer       [30m 1.0.0      [32mâœ“[30m [34mtune        [30m 0.1.6 
[32mâœ“[30m [34mmodeldata   [30m 0.1.1      [32mâœ“[30m [34mworkflows   [30m 0.2.3 
[32mâœ“[30m [34mparsnip     [30m 0.1.7      [32mâœ“[30m [34mworkflowsets[30m 0.1.0 
[32mâœ“[30m [34mrecipes     [30m 0.1.17     [32mâœ“[30m [34myardstick   [30m 0.0.8 [39m
"
"2","[30mâ”€â”€ [1mConflicts[22m â”€â”€â”€â”€â”€â”€â”€â”€â”€â”€â”€â”€â”€â”€â”€â”€â”€â”€â”€â”€â”€â”€â”€â”€â”€â”€â”€â”€â”€â”€â”€â”€â”€â”€â”€â”€â”€â”€â”€â”€â”€â”€â”€ tidymodels_conflicts() â”€â”€
[31mx[30m [34mscales[30m::[32mdiscard()[30m masks [34mpurrr[30m::discard()
[31mx[30m [34mdplyr[30m::[32mfilter()[30m   masks [34mstats[30m::filter()
[31mx[30m [34mrecipes[30m::[32mfixed()[30m  masks [34mstringr[30m::fixed()
[31mx[30m [34mdplyr[30m::[32mlag()[30m      masks [34mstats[30m::lag()
[31mx[30m [34myardstick[30m::[32mspec()[30m masks [34mreadr[30m::spec()
[31mx[30m [34mrecipes[30m::[32mstep()[30m   masks [34mstats[30m::step()
[34mâ€¢[30m Dig deeper into tidy modeling with R at [32mhttps://www.tmwr.org[30m[39m
"
"0","library(tidymodels)"
"0","library(palmerpenguins)"
